Name,Score,Genres,English.name,Type,Episodes,Premiered,Studios,Source
Hachimitsu to Clover,8.06,"Comedy, Drama, Josei, Romance, Slice of Life",Honey and Clover,TV,24,Spring 2005,J.C.Staff,Manga
Ai Yori Aoshi,7.14,"Harem, Slice of Life, Comedy, Drama, Romance",Ai Yori Aoshi,TV,24,Spring 2002,J.C.Staff,Manga
Azumanga Daioh,7.98,"Slice of Life, Comedy, School",Azumanga Daioh:The Animation,TV,26,Spring 2002,J.C.Staff,4-koma manga
Kareshi Kanojo no Jijou,7.61,"Comedy, Drama, Romance, School, Shoujo, Slice of Life",His and Her Circumstances,TV,26,Fall 1998,"Gainax, J.C.Staff",Manga
Loveless,6.86,"Action, Mystery, Supernatural, Drama, Romance, Fantasy, Josei, Shounen Ai",Loveless,TV,12,Spring 2005,J.C.Staff,Manga
Boukyaku no Senritsu,6.34,"Adventure, Fantasy, Horror, Mecha, Psychological, Sci-Fi, Shounen, Space, Supernatural",The Melody of Oblivion,TV,24,Spring 2004,"Gainax, J.C.Staff",Manga
Shingetsutan Tsukihime,6.91,"Action, Horror, Mystery, Romance, Super Power, Supernatural, Vampire",Lunar Legend Tsukihime,TV,12,Fall 2003,J.C.Staff,Visual novel
Maburaho,6.8,"Comedy, Drama, Ecchi, Harem, Magic, Romance, School",Maburaho,TV,24,Fall 2003,J.C.Staff,Light novel
R.O.D: The TV,7.55,"Action, Sci-Fi, Adventure, Comedy, Super Power, Drama",R.O.D -The TV-,TV,26,Fall 2003,J.C.Staff,Light novel
Daa! Daa! Daa!,7.65,"Comedy, Sci-Fi, Shoujo",Unknown,TV,78,Spring 2000,J.C.Staff,Manga
Ikkitousen,6.45,"Ecchi, Super Power, Martial Arts, School",Ikki Tousen,TV,13,Summer 2003,J.C.Staff,Manga
Gunparade March: Arata Naru Kougunka,6.8,"Drama, Mecha, Military, Romance, Sci-Fi, Shounen, Slice of Life",Gunparade March:A New Song for the March,TV,12,Winter 2003,J.C.Staff,Game
Mahoutsukai ni Taisetsu na Koto,6.75,"Slice of Life, Drama, Magic, Shounen",Someday's Dreamers,TV,12,Winter 2003,J.C.Staff,Manga
Spiral: Suiri no Kizuna,7.25,"Drama, Mystery, Shounen",Spiral:Bond of Reasoning,TV,25,Fall 2002,J.C.Staff,Manga
Starship Operators,7,"Drama, Military, Sci-Fi, Space",Unknown,TV,13,Winter 2005,J.C.Staff,Light novel
Shakugan no Shana,7.51,"Action, Drama, Fantasy, Romance, School, Supernatural",Shakugan no Shana:Season I,TV,24,Fall 2005,J.C.Staff,Light novel
Fake,6.54,"Police, Comedy, Romance, Mystery, Shounen Ai",Unknown,OVA,1,Unknown,J.C.Staff,Manga
Heppoko Jikken Animation Excel♥Saga,7.5,"Comedy, Parody, Sci-Fi, Shounen",Excel Saga,TV,26,Fall 1999,J.C.Staff,Manga
Ai Yori Aoshi: Enishi,7.16,"Comedy, Drama, Harem, Romance, Slice of Life",Ai Yori Aoshi:Enishi,TV,12,Fall 2003,J.C.Staff,Manga
Shoujo Kakumei Utena,8.2,"Comedy, Drama, Fantasy, Mystery, Psychological, Shoujo",Revolutionary Girl Utena,TV,39,Spring 1997,J.C.Staff,Original
Shoujo Kakumei Utena: Adolescence Mokushiroku,7.6,"Dementia, Drama, Fantasy, Romance, Shoujo, Shoujo Ai",Revolutionary Girl Utena:The Adolescence of Utena,Movie,1,Unknown,J.C.Staff,Original
Gokujou Seitokai,6.94,"Comedy, School, Slice of Life",Best Student Council,TV,26,Spring 2005,J.C.Staff,Original
Karin,7.17,"Comedy, Romance, Vampire, School, Shounen",Karin,TV,24,Fall 2005,J.C.Staff,Manga
Mahoraba: Heartful days,7.34,"Comedy, Drama, Romance, Shounen",Unknown,TV,26,Winter 2005,J.C.Staff,Manga
Sensei no Ojikan: Doki Doki School Hours,6.69,"Comedy, Slice of Life",Teacher's Time,TV,13,Spring 2004,J.C.Staff,4-koma manga
Slayers: The Motion Picture,7.3,"Adventure, Comedy, Magic, Fantasy, Shounen",Slayers:The Motion Picture,Movie,1,Unknown,J.C.Staff,Light novel
Yami no Matsuei,7.07,"Comedy, Drama, Fantasy, Horror, Magic, Shoujo, Shounen Ai, Vampire",Descendants of Darkness,TV,13,Fall 2000,J.C.Staff,Manga
Puni Puni☆Poemii,6.56,"Comedy, Magic, Sci-Fi, Shounen",Puni Puni Poemy,OVA,2,Unknown,J.C.Staff,Original
Nekojiru-sou,7.33,"Comedy, Dementia, Psychological",Cat Soup,OVA,1,Unknown,J.C.Staff,Manga
Okusama wa Mahou Shoujo,6.34,"Magic, Romance",Madam is a Magical Girl,TV,13,Summer 2005,J.C.Staff,Original
Iketeru Futari,6.63,"Comedy, Romance, Ecchi, School, Seinen",Unknown,TV,16,Winter 1999,J.C.Staff,Manga
Hachimitsu to Clover Specials,7.7,"Comedy, Drama, Josei, Romance, Slice of Life",Honey and Clover Specials,Special,2,Unknown,J.C.Staff,Manga
Azumanga Daioh: Gekijou Tanpen,7.03,"Comedy, School, Slice of Life",Unknown,Special,1,Unknown,J.C.Staff,4-koma manga
Yume de Aetara,6.45,"Comedy, Drama, Ecchi, Romance, Seinen",If I See You in My Dreams,OVA,3,Unknown,J.C.Staff,Manga
Yume de Aetara (TV),6.46,"Comedy, Drama, Romance, Seinen, Slice of Life",If I See You in My Dreams,TV,16,Fall 1998,J.C.Staff,Manga
Keiraku no Houteishiki Level-C,5.89,"Hentai, Drama, Yaoi",Level-C,OVA,1,Unknown,J.C.Staff,Manga
Umi ga Kikoeru,6.61,"Drama, Romance, School, Slice of Life",The Ocean Waves,Special,1,Unknown,"J.C.Staff, Studio Ghibli",Novel
Osakana wa Ami no Naka,4.96,"Drama, Shounen Ai",Fish in the Trap,OVA,1,Unknown,J.C.Staff,Manga
Nanaka 6/17,6.61,"Slice of Life, Comedy, Drama, Romance, Shounen",Unknown,TV,12,Winter 2003,J.C.Staff,Manga
Eiken: Eikenbu yori Ai wo Komete,4.39,"Ecchi, Comedy, Harem, School",Eiken,OVA,2,Unknown,J.C.Staff,Manga
Yomigaeru Sora: Rescue Wings,7.42,"Drama, Military, Seinen",Unknown,TV,12,Winter 2006,J.C.Staff,Original
Chicchana Yukitsukai Sugar,7.08,"Comedy, Fantasy, Slice of Life",A Little Snow Fairy Sugar,TV,24,Fall 2001,J.C.Staff,Original
Slayers Gorgeous,7.33,"Adventure, Comedy, Fantasy, Magic, Supernatural",Unknown,Movie,1,Unknown,J.C.Staff,Light novel
Slayers Great,7.34,"Adventure, Comedy, Fantasy, Magic, Shounen",Slayers Movie 3,Movie,1,Unknown,J.C.Staff,Light novel
Slayers Return,7.33,"Adventure, Comedy, Fantasy, Magic, Shounen",Slayers Movie 2,Movie,1,Unknown,J.C.Staff,Light novel
Chicchana Yukitsukai Sugar Specials,7.02,"Slice of Life, Magic, Comedy, Shoujo",Sugar:A Little Snow Fairy Summer Special,Special,2,Unknown,J.C.Staff,Original
Majutsushi Orphen,7.17,"Action, Adventure, Comedy, Demons, Fantasy, Magic",Orphen,TV,24,Fall 1998,J.C.Staff,Light novel
Majutsushi Orphen: Revenge,6.82,"Adventure, Comedy, Fantasy, Magic, Shounen",Orphen 2:Revenge,TV,23,Fall 1999,J.C.Staff,Light novel
Shakugan no Shana-tan,7.11,"Comedy, Parody",Unknown,Special,4,Unknown,J.C.Staff,Light novel
Hikari to Mizu no Daphne,6.76,"Sci-Fi, Mystery, Comedy, Police, Psychological, Drama, Ecchi",Daphne in the Brilliant Blue,TV,24,Winter 2004,J.C.Staff,Original
Soreyuke! Uchuu Senkan Yamamoto Yohko,6.12,"Sci-Fi, Adventure, Comedy",Starship Girl Yamamoto Yohko,OVA,3,Unknown,J.C.Staff,Novel
Handsome Girl,5.76,"Romance, Shoujo",Handsome Girl,OVA,1,Unknown,J.C.Staff,Manga
Hachimitsu to Clover II,8.26,"Drama, Josei, Romance, Slice of Life",Honey and Clover II,TV,12,Summer 2006,J.C.Staff,Manga
New Dominion Tank Police,6.95,"Police, Comedy, Mecha, Sci-Fi, Shounen",Unknown,OVA,6,Unknown,J.C.Staff,Manga
Maze☆Bakunetsu Jikuu (TV),6.65,"Adventure, Comedy, Fantasy, Mecha, Shounen",Maze:The Mega-Burst Space,TV,25,Spring 1997,J.C.Staff,Manga
Maze☆Bakunetsu Jikuu,6.11,"Adventure, Comedy, Fantasy, Mecha, Shounen",Maze:The Mega-Burst Space OVA,OVA,2,Unknown,J.C.Staff,Manga
Mahou Senshi Louie,7.17,"Adventure, Comedy, Fantasy, Magic, Shounen",Rune Soldier,TV,24,Spring 2001,J.C.Staff,Light novel
Slayers Special,7.37,"Adventure, Comedy, Supernatural, Magic, Fantasy, Shounen",Slayers:The Book of Spells,OVA,3,Unknown,J.C.Staff,Light novel
Slayers Excellent,7.33,"Adventure, Comedy, Demons, Supernatural, Magic, Fantasy, Shounen",Slayers Excellent,OVA,3,Unknown,J.C.Staff,Light novel
Slayers Try,7.83,"Adventure, Comedy, Demons, Magic, Fantasy, Shounen",Unknown,TV,26,Spring 1997,J.C.Staff,Light novel
Metal Fighter Miku,6.04,"Sci-Fi, Comedy, Sports, Shounen",Metal Fighter Miku,TV,13,Summer 1994,J.C.Staff,Original
Alien 9,6.67,"Sci-Fi, Horror, Psychological, School",Unknown,OVA,4,Unknown,J.C.Staff,Manga
Zero no Tsukaima,7.33,"Action, Adventure, Harem, Comedy, Magic, Romance, Ecchi, Fantasy, School",The Familiar of Zero,TV,13,Summer 2006,J.C.Staff,Light novel
Boku wa Konomama Kaeranai,5.51,"Drama, Romance, Shounen Ai",I Shall Never Return,OVA,1,Unknown,J.C.Staff,Manga
Ankoku Shindenshou Takegami,5.61,"Action, Mecha, Supernatural, Drama, Sci-Fi",Guardian of Darkness,OVA,3,Unknown,J.C.Staff,Original
Earthian,6.1,"Drama, Shoujo, Shounen Ai",Earthian,OVA,4,Unknown,"J.C.Staff, Production Reed",Manga
Shin Megami Tensei: Tokyo Mokushiroku,5.43,"Action, Sci-Fi, Horror, Demons, Supernatural",Tokyo Revelation,OVA,2,Unknown,J.C.Staff,Manga
Eightman After,6.19,"Action, Sci-Fi, Drama",8 Man After,OVA,4,Unknown,J.C.Staff,Manga
Sengoku Kitan Youtouden Movie,5.96,"Action, Martial Arts, Samurai",Wrath of the Ninja,Movie,1,Unknown,J.C.Staff,Unknown
Sky Girls OVA,6.64,"Mecha, Military, Sci-Fi",Unknown,OVA,1,Unknown,J.C.Staff,Unknown
Youma,6.09,"Action, Demons, Fantasy, Horror, Supernatural",Blood Reign:Curse of the Yoma,OVA,2,Unknown,J.C.Staff,Manga
Darkside Blues,6.09,"Horror, Mystery, Psychological, Sci-Fi",Unknown,Movie,1,Unknown,J.C.Staff,Manga
Shakugan no Shana: Koi to Onsen no Kougai Gakushuu!,7.19,"Slice of Life, Comedy, Romance, Ecchi, Fantasy",Unknown,OVA,1,Unknown,J.C.Staff,Light novel
Asatte no Houkou.,7.07,"Supernatural, Drama",Living for the Day After Tomorrow,TV,12,Fall 2006,J.C.Staff,Manga
Choujin Gakuen Gowcaizer: The Voltage Fighters,5.05,"Action, Sci-Fi, Ecchi, Martial Arts, Shounen",Voltage Fighter Gowcaizer,OVA,3,Unknown,J.C.Staff,Game
Ghost Hunt,7.81,"Mystery, Comedy, Horror, Supernatural, Shoujo",Ghost Hunt,TV,25,Fall 2006,J.C.Staff,Light novel
Azumanga Web Daioh,6.71,"Comedy, School, Slice of Life",Azumanga Web Daioh,ONA,1,Unknown,J.C.Staff,4-koma manga
Soreyuke! Uchuu Senkan Yamamoto Yohko (1999),6.6,"Action, Sci-Fi, Adventure",Unknown,TV,26,Spring 1999,J.C.Staff,Novel
Princess Rouge,5.87,"Fantasy, Romance",Unknown,OVA,2,Unknown,J.C.Staff,Original
Byston Well Monogatari: Garzey no Tsubasa,4.18,"Action, Fantasy",Garzey's Wing,OVA,3,Unknown,J.C.Staff,Original
Babel Nisei (OVA),5.88,"Action, Sci-Fi, Mecha",Babel II,OVA,4,Unknown,J.C.Staff,Unknown
Soreyuke! Uchuu Senkan Yamamoto Yohko II,6.27,"Action, Sci-Fi, Adventure",Starship Girl Yamamoto Yohko II,OVA,3,Unknown,J.C.Staff,Novel
Nodame Cantabile,8.32,"Music, Slice of Life, Comedy, Drama, Romance, Josei",Nodame Cantabile,TV,23,Winter 2007,J.C.Staff,Manga
Winter Garden,6.59,"Drama, Romance, Shoujo, Slice of Life",Di Gi Charat:Winter Garden,Special,2,Unknown,J.C.Staff,Unknown
Arslan Senki,6.92,"Action, Adventure, Drama, Fantasy, Historical",The Heroic Legend of Arslan,OVA,6,Unknown,"J.C.Staff, animate Film",Light novel
Youseiki Suikoden,5.75,"Action, Martial Arts, Fantasy",Suikoden Demon Century,OVA,1,Unknown,J.C.Staff,Light novel
Sprite: Between Two Worlds,5.79,"Comedy, Ecchi, Romance, School",Sprite:Between Two Worlds,OVA,2,Unknown,J.C.Staff,Unknown
Shakugan no Shana Movie,7.39,"Action, Supernatural, Fantasy",Shakugan no Shana:The Movie,Movie,1,Unknown,J.C.Staff,Light novel
Zero no Tsukaima: Futatsuki no Kishi,7.49,"Action, Adventure, Harem, Comedy, Magic, Romance, Ecchi, Fantasy, School",The Familiar of Zero:Knight of the Twin Moons,TV,12,Summer 2007,J.C.Staff,Light novel
Yomigaeru Sora: Rescue Wings - Saigo no Shigoto,6.96,"Military, Drama, Seinen",Unknown,Special,1,Unknown,J.C.Staff,Original
Fushigiboshi no☆Futagohime Gyu!,7.08,"Magic, Comedy, Shoujo",Unknown,TV,52,Spring 2006,J.C.Staff,Original
Hikari to Mizu no Daphne Specials,6.71,"Action, Ecchi, Comedy",Unknown,Special,2,Unknown,J.C.Staff,Original
Kusatta Kyoushi no Houteishiki,6.11,"Comedy, Romance, Shounen Ai",Bad Teacher Equation,OVA,2,Unknown,J.C.Staff,Manga
Shonan Junai Gumi!,7.48,"Action, Comedy, School",Unknown,OVA,5,Unknown,"J.C.Staff, Life Work",Manga
Mahou Gakuen Lunar! Aoi Ryuu no Himitsu,6.06,"Fantasy, Magic, Comedy",Unknown,Movie,1,Unknown,J.C.Staff,Game
Tokyo Vice,5.38,"Action, Sci-Fi, Mystery, Mecha",The Tokyo Project,OVA,1,Unknown,J.C.Staff,Original
Fight!!,5.06,"Action, Fantasy, Supernatural",Unknown,OVA,1,Unknown,J.C.Staff,Unknown
Onna Senshi Efe & Jira: Gude no Monshou,5.57,"Adventure, Fantasy",Gude Crest:The Emblem of Gude,Movie,1,Unknown,J.C.Staff,Light novel
Choujikuu Seiki Orguss 02,6.73,"Action, Sci-Fi, Adventure, Romance, Mecha",Unknown,OVA,6,Unknown,J.C.Staff,Original
Sei Michaela Gakuen Hyouryuuki II,4.83,Hentai,Sins of the Sisters,OVA,2,Unknown,J.C.Staff,Unknown
Virus: Virus Buster Serge,5.47,"Action, Adventure, Mecha, Police, Sci-Fi",Unknown,TV,12,Fall 1997,J.C.Staff,Game
Touma Kishinden Oni,Unknown,Supernatural,Unknown,TV,25,Fall 1995,J.C.Staff,Game
Dennou Sentai Voogie's★Angel,5.53,"Action, Mecha, Military, Drama, Sci-Fi",Voogie's Angel,OVA,3,Unknown,J.C.Staff,Radio
Toushinden,5.33,"Action, Martial Arts",Battle Arena Toshinden,OVA,2,Unknown,J.C.Staff,Game
Ginga Ojousama Densetsu Yuna: Kanashimi no Siren,6.03,"Action, Adventure, Comedy, Magic, Mecha, Sci-Fi",Galaxy Fraulein Yuna,OVA,2,Unknown,J.C.Staff,Visual novel
Ginga Ojousama Densetsu Yuna: Shin'en no Fairy,6.16,"Action, Adventure, Comedy, Magic, Mecha, Sci-Fi",Galaxy Fraulein Yuna Returns,OVA,3,Unknown,J.C.Staff,Visual novel
Nessa no Wakusei,5.19,"Hentai, Sci-Fi",Bondage Queen Kate,OVA,2,Unknown,J.C.Staff,Unknown
Sky Girls,7.02,"Mecha, Military, Sci-Fi",Unknown,TV,26,Summer 2007,J.C.Staff,Original
Detatoko Princess,5.96,"Comedy, Fantasy",Suddenly Princess,OVA,3,Unknown,J.C.Staff,Manga
1+2=Paradise,4.92,"Harem, Comedy, Romance, Ecchi, Seinen",Unknown,OVA,2,Unknown,J.C.Staff,Manga
Potemayo,7.3,"Comedy, School, Seinen",Unknown,TV,12,Summer 2007,J.C.Staff,4-koma manga
Cleopatra D.C.,5.88,"Action, Adventure, Sci-Fi",Unknown,OVA,3,Unknown,J.C.Staff,Manga
Kyoufu no Bio Ningen Saishuu Kyoushi,5.55,"Action, Adventure, Comedy, School, Supernatural",Ultimate Teacher,OVA,1,Unknown,J.C.Staff,Unknown
Shakugan no Shana II (Second),7.61,"Action, Supernatural, Drama, Romance, Fantasy, School",Shakugan no Shana:Season II,TV,24,Fall 2007,J.C.Staff,Light novel
Ariel Deluxe,5.6,"Action, Comedy, Mecha, Sci-Fi",Unknown,OVA,2,Unknown,J.C.Staff,Novel
Ariel Visual,5.45,"Action, Comedy, Mecha, Sci-Fi",Unknown,OVA,2,Unknown,J.C.Staff,Novel
KimiKiss Pure Rouge,7.33,"Drama, Romance, School",KimiKiss:Pure Rouge,TV,24,Fall 2007,J.C.Staff,Visual novel
Loveless Specials,6.56,"Comedy, Supernatural, Romance, Fantasy, Josei, Shounen Ai",Unknown,Special,6,Unknown,J.C.Staff,Manga
Minerva no Kenshi,6.1,"Fantasy, Hentai",Fencer of Minerva,OVA,5,Unknown,J.C.Staff,Unknown
Sono Kinisasete yo: My My Mai,5.77,"Ecchi, Comedy, Supernatural",My My Mai,OVA,2,Unknown,J.C.Staff,Unknown
Kosuke-sama Rikimaru-sama: Konpeitou no Ryuu,6.03,"Action, Adventure, Super Power",Unknown,OVA,1,Unknown,J.C.Staff,Original
Shakugan no Shana-tan Movie,7.14,"Adventure, Comedy, Parody, Fantasy",Unknown,Special,1,Unknown,J.C.Staff,Unknown
Ai Yori Aoshi: Enishi - Miyuki,6.95,"Comedy, Drama, Romance",Unknown,Special,1,Unknown,J.C.Staff,Manga
Potemayo Specials,7.32,"Comedy, School, Seinen",Unknown,Special,6,Unknown,J.C.Staff,4-koma manga
Shin Hurricane Polymar,5.88,"Action, Martial Arts, Super Power, Sci-Fi",Hurricane Polymar:Holy Blood,OVA,2,Unknown,"J.C.Staff, Tatsunoko Production",Unknown
Sky Girls Specials,6.54,"Comedy, Mecha, Military, Sci-Fi",Unknown,Special,9,Unknown,J.C.Staff,Unknown
Shigofumi,7.49,"Drama, Fantasy, Psychological, Supernatural, Thriller",Shigofumi:Letters from the Departed,TV,12,Winter 2008,J.C.Staff,Original
Kodomo no Omocha,7.12,"Comedy, Drama, School, Shoujo",Unknown,OVA,1,Unknown,J.C.Staff,Manga
Gensou Jotan Ellcia,5.98,"Adventure, Fantasy",Ellcia,OVA,4,Unknown,J.C.Staff,Unknown
Sengoku Kitan Youtouden,5.97,"Action, Demons, Martial Arts",Yotoden:Chronicle of the Warlord Period,OVA,3,Unknown,J.C.Staff,Novel
Princess Army: Wedding★Combat,5.25,"Action, Martial Arts, Romance, Shoujo",Princess Army:Wedding Combat,OVA,2,Unknown,J.C.Staff,Manga
Nabari no Ou,7.29,"Action, Fantasy, Supernatural, Comedy, Drama, Shounen",Nabari no Ou,TV,26,Spring 2008,J.C.Staff,Manga
Zero no Tsukaima: Princesses no Rondo,7.4,"Action, Adventure, Harem, Comedy, Magic, Romance, Ecchi, Fantasy, School",The Familiar of Zero:Rondo of Princesses,TV,12,Summer 2008,J.C.Staff,Light novel
Parappa the Rapper,5.97,"Comedy, Fantasy",Unknown,TV,30,Spring 2001,"J.C.Staff, Production I.G",Game
Shakugan no Shana-tan II (Second),7.21,"Comedy, Parody",Unknown,Special,3,Unknown,J.C.Staff,Unknown
Nodame Cantabile: Nodame to Chiaki no Umi Monogatari,7.39,"Comedy, Josei, Romance, Slice of Life",Unknown,Special,1,Unknown,J.C.Staff,Manga
Suna no Bara: Yuki no Mokushiroku,6.27,Action,Unknown,OVA,1,Unknown,J.C.Staff,Manga
Slayers Revolution,7.29,"Adventure, Comedy, Fantasy",Unknown,TV,13,Summer 2008,J.C.Staff,Light novel
Kojin Jugyou,5.4,"Comedy, Hentai, Yuri",Private Psycho Lesson,OVA,2,Unknown,J.C.Staff,Unknown
Shigofumi Picture Drama,6.51,Comedy,Unknown,Special,7,Unknown,J.C.Staff,Original
Hayate no Gotoku!!,7.73,"Action, Harem, Comedy, Parody, Romance, Shounen",Hayate the Combat Butler!!,TV,25,Spring 2009,J.C.Staff,Manga
KimiKiss Pure Rouge: Love Fighter,6.97,"Romance, School",Unknown,Special,1,Unknown,J.C.Staff,Visual novel
Toradora!,8.24,"Slice of Life, Comedy, Romance, School",Toradora!,TV,25,Fall 2008,J.C.Staff,Light novel
Tanin no Kankei,6.12,"Comedy, Ecchi, Romance, School",Unknown,OVA,2,Unknown,J.C.Staff,Manga
Nodame Cantabile: Paris-hen,8.17,"Comedy, Josei, Music, Romance, Slice of Life",Unknown,TV,11,Fall 2008,J.C.Staff,Manga
Bounty Hunter: The Hard,5.79,"Action, Police",Unknown,OVA,1,Unknown,J.C.Staff,Manga
Toaru Majutsu no Index,7.44,"Action, Magic, Sci-Fi, Super Power",A Certain Magical Index,TV,24,Fall 2008,J.C.Staff,Light novel
Minna Agechau♡,5.83,"Comedy, Ecchi, Romance",Unknown,OVA,1,Unknown,J.C.Staff,Unknown
Shigofumi: Sore kara,7.36,"Drama, Fantasy, Psychological, Thriller",Shigofumi:Letters from the Departed Special,Special,1,Unknown,J.C.Staff,Original
Taishou Yakyuu Musume.,7.36,"Comedy, Historical, School, Seinen, Sports",Taisho Baseball Girls,TV,12,Summer 2009,J.C.Staff,Light novel
Hatsukoi Limited.,7.32,"Comedy, Romance, School, Shounen",Hatsukoi Limited,TV,12,Spring 2009,J.C.Staff,Manga
Slayers Evolution-R,7.42,"Adventure, Comedy, Fantasy",Unknown,TV,13,Winter 2009,J.C.Staff,Light novel
Hayate no Gotoku!!: Atsu ga Natsuize - Mizugi-hen!,7.34,"Action, Comedy, Harem, Parody, Romance",Unknown,OVA,1,Unknown,J.C.Staff,Manga
PuriGorota: Uchuu no Yuujou Daibouken,5.01,"Kids, Adventure, Sci-Fi",Unknown,OVA,1,Unknown,J.C.Staff,Unknown
Apfelland Monogatari,6.03,"Adventure, Historical, Drama",Appleland Story,Movie,1,Unknown,J.C.Staff,Novel
Nodame Cantabile: Finale,8.27,"Comedy, Josei, Music, Romance",Unknown,TV,11,Winter 2010,J.C.Staff,Manga
Zero no Tsukaima: Princesses no Rondo - Yuuwaku no Sunahama,7.28,"Comedy, Ecchi, Fantasy, Harem, Magic",The Familiar of Zero:Rondo of the Princesses OVA,Special,1,Unknown,J.C.Staff,Light novel
Nanaka 6/17 Special,6.61,"Comedy, Drama, Romance, Shounen, Slice of Life",Nanaka the Distraction,Special,1,Unknown,J.C.Staff,Manga
Neko Hiki no Oruorane,6.3,"Music, Fantasy",Unknown,OVA,1,Unknown,J.C.Staff,Unknown
Antique Heart,5.58,"Magic, Mystery, School",Unknown,OVA,1,Unknown,J.C.Staff,Original
Toaru Majutsu no Index-tan,6.96,"Comedy, Parody",A Certain Magical Index:Specials,Special,2,Unknown,J.C.Staff,Light novel
Osu!! Karate-bu,6.73,"Martial Arts, School, Shounen",Go!! Karate Club,OVA,4,Unknown,J.C.Staff,Manga
Sensei no Ojikan: Doki Doki School Hours OVA,6.59,"Comedy, School",Unknown,OVA,7,Unknown,J.C.Staff,4-koma manga
Toradora!: SOS! Kuishinbou Banbanzai,6.37,Comedy,Toradora!:SOS! Hurray for Gourmands,Special,4,Unknown,J.C.Staff,Light novel
Aoi Hana,7.16,"Romance, Shoujo Ai, Slice of Life",Sweet Blue Flowers,TV,11,Summer 2009,J.C.Staff,Manga
Nodame Cantabile OVA,7.47,"Comedy, Josei, Music, Romance, Slice of Life",Unknown,OVA,1,Unknown,J.C.Staff,Manga
Toaru Kagaku no Railgun,7.72,"Action, Sci-Fi, Super Power",A Certain Scientific Railgun,TV,24,Fall 2009,J.C.Staff,Manga
Konpeki no Kantai,6.47,"Action, Drama, Historical, Military",Unknown,OVA,32,Unknown,J.C.Staff,Unknown
Kyokujitsu no Kantai,6.38,"Action, Drama, Historical, Military",The Fleet of the Rising Sun,OVA,15,Unknown,J.C.Staff,Unknown
Shakugan no Shana: Friagne & Marianne no Naze Nani Shana! Nandemo Shitsumonbako!,6.66,"Comedy, Supernatural, Fantasy",Unknown,Special,8,Unknown,J.C.Staff,Unknown
Ippon Bouchou Mantarou,Unknown,Seinen,Unknown,OVA,2,Unknown,"J.C.Staff, animate Film",Manga
Zero no Tsukaima: Princesses no Rondo Picture Drama,6.95,"Action, Adventure, Comedy, Drama, Ecchi, Fantasy, Harem, Magic, Romance, School",Unknown,Special,7,Unknown,J.C.Staff,Light novel
Fortune Quest: Yo ni mo Shiawase na Boukensha-tachi,6.17,"Adventure, Comedy, Fantasy, Magic",Unknown,OVA,4,Unknown,J.C.Staff,Novel
Shakugan no Shana S,7.37,"Action, Drama, Fantasy, Romance, School, Supernatural",Shakugan no Shana S:OVA Series,OVA,4,Unknown,J.C.Staff,Light novel
Ai Yori Aoshi: Yumegatari,6.79,"Comedy, Harem, Romance, Slice of Life",Ai Yori Aoshi:Speaking of Dreams,Special,1,Unknown,J.C.Staff,Manga
Shakugan no Shana III (Final),7.56,"Action, Supernatural, Drama, Romance, Fantasy",Shakugan no Shana:Season III,TV,24,Fall 2011,J.C.Staff,Light novel
Hatsukoi Limited.: Gentei Shoujo,6.71,"Comedy, Ecchi, School, Shounen",Hatsukoi Limited Shorts,Special,6,Unknown,J.C.Staff,Manga
Kaichou wa Maid-sama!,8.06,"Comedy, Romance, School, Shoujo",Maid Sama!,TV,26,Spring 2010,J.C.Staff,Manga
Uragiri wa Boku no Namae wo Shitteiru,7.26,"Adventure, Drama, Fantasy, Shoujo, Shounen Ai",The Betrayal Knows My Name,TV,24,Spring 2010,J.C.Staff,Manga
Shakugan no Shana-tan S,6.9,"Comedy, Parody",Unknown,Special,4,Unknown,J.C.Staff,Light novel
Bakuman.,8.23,"Comedy, Drama, Romance, Shounen",Bakuman.,TV,25,Fall 2010,J.C.Staff,Manga
Tantei Opera Milky Holmes,6.94,"Mystery, Comedy, Super Power",Unknown,TV,12,Fall 2010,J.C.Staff,Original
Ookami-san to Shichinin no Nakama-tachi,7.22,"Comedy, Parody, Romance",Okami-San and Her Seven Companions,TV,12,Summer 2010,J.C.Staff,Light novel
Toaru Kagaku no Railgun: Motto Marutto Railgun,6.87,Comedy,Unknown,Special,2,Unknown,J.C.Staff,Manga
Nodame Cantabile: Finale - Mine to Kiyora no Saikai,7.83,"Comedy, Josei, Music, Romance",Unknown,Special,1,Unknown,J.C.Staff,Manga
Taishou Yakyuu Musume. Specials,6.21,"School, Sports",Unknown,Special,2,Unknown,J.C.Staff,Unknown
Nodame Cantabile: Finale OVA,7.59,"Comedy, Romance, Josei",Unknown,OVA,1,Unknown,J.C.Staff,Manga
Genji,Unknown,"Historical, Magic, Romance",Unknown,OVA,2,Unknown,J.C.Staff,Unknown
Maze☆Bakunetsu Jikuu: Tenpen Kyoui no Giant,Unknown,"Adventure, Comedy, Fantasy, Mecha, Shounen",Unknown,Movie,1,Unknown,J.C.Staff,Manga
Otome Youkai Zakuro,7.47,"Demons, Historical, Military, Romance, Seinen, Supernatural",Zakuro,TV,13,Fall 2010,J.C.Staff,Manga
"Kyou, Koi wo Hajimemasu",6.49,"Romance, School, Shoujo",Today We Start Our Love,OVA,2,Unknown,J.C.Staff,Manga
Hidan no Aria,6.88,"Action, Comedy, Romance, School",Aria the Scarlet Ammo,TV,12,Spring 2011,J.C.Staff,Light novel
Alice SOS,6.02,Adventure,Unknown,TV,28,Spring 1998,J.C.Staff,Original
Kikou Heidan J-Phoenix: PF Lips Shoutai,Unknown,"Comedy, Mecha",Unknown,OVA,3,Unknown,J.C.Staff,Unknown
Toaru Majutsu no Index II,7.61,"Action, Magic, Sci-Fi, Super Power",A Certain Magical Index II,TV,24,Fall 2010,J.C.Staff,Light novel
Toaru Kagaku no Railgun: Misaka-san wa Ima Chuumoku no Mato Desu kara,7.48,"Action, Sci-Fi, Super Power",Unknown,OVA,1,Unknown,J.C.Staff,Manga
Toaru Kagaku no Railgun: Entenka no Satsuei Model mo Raku Ja Arimasen wa ne.,6.81,"Comedy, Ecchi",Unknown,OVA,1,Unknown,J.C.Staff,Manga
Yumekui Merry,6.95,"Action, Supernatural",Dream Eater Merry,TV,13,Winter 2011,J.C.Staff,Manga
Kaichou wa Maid-sama!: Omake dayo!,7.49,"Comedy, School, Shoujo",Maid Sama!:Omake dayo,Special,1,Unknown,J.C.Staff,Manga
Wolf Guy,5.42,"Action, Military, Sci-Fi",Unknown,OVA,6,Unknown,J.C.Staff,Manga
Bakuman. 2nd Season,8.4,"Comedy, Drama, Romance, Shounen",Bakuman.,TV,25,Fall 2011,J.C.Staff,Manga
Otome Youkai Zakuro Picture Drama,6.31,"Romance, Supernatural, Demons, Historical, Seinen",Unknown,Special,2,Unknown,J.C.Staff,Manga
Kaitou Tenshi Twin Angel: Kyun Kyun☆Tokimeki Paradise!!,6.05,Magic,Twin Angel:Twinkle Paradise,TV,12,Summer 2011,J.C.Staff,Game
Toaru Majutsu no Index-tan II,6.94,"Comedy, Parody",A Certain Magical Index II:Specials,Special,2,Unknown,J.C.Staff,Unknown
Kaichou wa Maid-sama!: Goshujinsama to Asonjao♥,7.35,"Comedy, School, Shoujo",Unknown,Special,1,Unknown,J.C.Staff,Manga
Konpeki no Kantai: Sourai Kaihatsu Monogatari,Unknown,"Military, Historical",Unknown,Special,1,Unknown,J.C.Staff,Unknown
Kimi to Boku.,7.7,"Comedy, Drama, Romance, School, Shounen, Slice of Life",You and Me.,TV,13,Fall 2011,J.C.Staff,Manga
Kamisama no Memochou,7.54,Mystery,Heaven's Memo Pad,TV,12,Summer 2011,J.C.Staff,Light novel
Hidan no Aria: Butei ga Kitarite Onsen Kenshuu,6.82,"Action, Mystery, Comedy, Romance",Aria the Scarlet Ammo Special,Special,1,Unknown,J.C.Staff,Light novel
Jingi,Unknown,"Adventure, Police, Drama",Unknown,OVA,2,Unknown,J.C.Staff,Unknown
Tantei Opera Milky Holmes: Summer Special,6.98,"Comedy, Mystery, Super Power",Unknown,Special,1,Unknown,J.C.Staff,Card game
Kill Me Baby,6.87,"Comedy, School, Seinen",Kill Me Baby,TV,13,Winter 2012,J.C.Staff,4-koma manga
Zero no Tsukaima F,7.52,"Adventure, Magic, Romance, Ecchi, Fantasy",The Familiar of Zero F,TV,12,Winter 2012,J.C.Staff,Light novel
Tantei Opera Milky Holmes Dai 2 Maku,7.22,"Mystery, Comedy, Super Power",Detective Opera Milky Holmes 2,TV,12,Winter 2012,"J.C.Staff, Artland",Original
Ano Natsu de Matteru,7.49,"Comedy, Drama, Romance, Sci-Fi, Slice of Life",Waiting in the Summer,TV,12,Winter 2012,J.C.Staff,Original
Toradora!: Bentou no Gokui,7.46,"Slice of Life, Comedy, Romance, School",Toradora!:Bento Battle,Special,1,Unknown,J.C.Staff,Light novel
Kimi to Boku. 2,7.98,"Comedy, Drama, Romance, School, Shounen, Slice of Life",You and Me 2,TV,13,Spring 2012,J.C.Staff,Manga
Toaru Majutsu no Index Movie: Endymion no Kiseki,7.5,"Action, Magic, Sci-Fi, Super Power",A Certain Magical Index the Movie:The Miracle of Endymion,Movie,1,Unknown,J.C.Staff,Original
What's Michael? 2,6.05,Comedy,Unknown,OVA,1,Unknown,"J.C.Staff, Kitty Films",Manga
Bakuman. 3rd Season,8.58,"Comedy, Drama, Romance, Shounen",Bakuman.,TV,25,Fall 2012,J.C.Staff,Manga
Joshiraku,7.49,"Slice of Life, Comedy, Shounen",Joshiraku,TV,13,Summer 2012,J.C.Staff,Manga
Yajikita Gakuen Douchuuki,5.72,"Adventure, Martial Arts, School, Shoujo",Unknown,OVA,2,Unknown,J.C.Staff,Manga
Shakugan no Shana-tan III (Final): Final Destruction,7.06,"Comedy, Parody",Unknown,Special,2,Unknown,J.C.Staff,Unknown
Ucchare Goshogawara,Unknown,"Martial Arts, School, Shounen, Sports",Unknown,OVA,1,Unknown,J.C.Staff,Manga
Arcana Famiglia,6.28,"Action, Harem, Supernatural, Romance, Shoujo",La storia della Arcana Famiglia,TV,12,Summer 2012,J.C.Staff,Visual novel
Little Busters!,7.52,"Slice of Life, Comedy, Supernatural, Drama, School",Little Busters!,TV,26,Fall 2012,J.C.Staff,Visual novel
Sakura-sou no Pet na Kanojo,8.19,"Slice of Life, Comedy, Drama, Romance, School",The Pet Girl of Sakurasou,TV,24,Fall 2012,J.C.Staff,Light novel
Accel World: Acchel World.,6.22,"Sci-Fi, Comedy",Unknown,Special,8,Unknown,J.C.Staff,4-koma manga
Dangerous Jiisan Ja,Unknown,"Comedy, Kids",Unknown,OVA,2,Unknown,J.C.Staff,Unknown
Tantei Opera Milky Holmes: Alternative,6.51,"Comedy, Mystery, Super Power",Unknown,Special,2,Unknown,"J.C.Staff, Artland",Card game
Hentai Ouji to Warawanai Neko.,7.24,"Harem, Comedy, Supernatural, Romance, School","The ""Hentai"" Prince and the Stony Cat.",TV,12,Spring 2013,J.C.Staff,Light novel
Arcana Famiglia: Capriccio - stile Arcana Famiglia,6.79,"Romance, Shoujo",Unknown,OVA,1,Unknown,J.C.Staff,Visual novel
Joshiraku OVA,7.42,"Slice of Life, Comedy, Shounen",Unknown,OVA,1,Unknown,J.C.Staff,Manga
Bakuman.: Deraman.,7.21,"Comedy, School, Shounen",Unknown,Special,2,Unknown,J.C.Staff,Manga
Toaru Kagaku no Railgun S,8.06,"Action, Sci-Fi, Super Power",A Certain Scientific Railgun S,TV,24,Spring 2013,J.C.Staff,Manga
Shinkai no Kantai: Submarine 707,5.62,"Action, Adventure, Military, Sci-Fi",Unknown,OVA,1,Unknown,"J.C.Staff, Toei Animation",Manga
Dennou Sentai Voogie's★Angel: Forever and Ever,Unknown,"Action, Mecha, Comedy, Sci-Fi, Drama",Unknown,OVA,1,Unknown,J.C.Staff,Unknown
Futari wa Milky Holmes,5.8,"Mystery, Comedy, Super Power",Unknown,TV,12,Summer 2013,J.C.Staff,Original
Shakugan no Shana: Shana & Yuuji no Naze Nani Shana! Nandemo Shitsumonbako!,6.39,"Comedy, Supernatural, Fantasy",Unknown,Special,1,Unknown,J.C.Staff,Unknown
Little Busters!: Sekai no Saitou wa Ore ga Mamoru!,7.37,"Slice of Life, Comedy, School",Unknown,OVA,1,Unknown,J.C.Staff,Visual novel
Udauda Yatteru Hima wa Nee!,Unknown,"Action, Comedy, School, Shounen",Unknown,OVA,2,Unknown,J.C.Staff,Unknown
Ikenai Boy,4.89,"Comedy, Harem, Hentai",Unknown,OVA,1,Unknown,J.C.Staff,Unknown
Ikenai Boy: Ikasu Maruhi Hand Power,Unknown,"Comedy, Hentai",Unknown,OVA,1,Unknown,J.C.Staff,Unknown
Golden Time,7.78,"Comedy, Drama, Romance",Golden Time,TV,24,Fall 2013,J.C.Staff,Light novel
Little Busters!: Refrain,8.23,"Slice of Life, Comedy, Supernatural, Drama, Romance, School",Little Busters! ~Refrain~,TV,13,Fall 2013,J.C.Staff,Visual novel
Don: Gokudou Suikoden,Unknown,Drama,Unknown,OVA,2,Unknown,J.C.Staff,Unknown
High School Agent,5.52,"Action, Drama, Military",Unknown,OVA,2,Unknown,J.C.Staff,Manga
Chocotan!,5.92,"Comedy, Shoujo",Unknown,Special,1,Unknown,J.C.Staff,Unknown
Toaru Kagaku no Railgun S: Motto Marutto Railgun,7.06,Comedy,Unknown,Special,2,Unknown,J.C.Staff,Manga
Toaru Majutsu no Index-tan Movie: Endymion no Kiseki - Ga Attari Nakattari,7.1,"Action, Magic, Sci-Fi, Super Power",Unknown,Special,1,Unknown,J.C.Staff,Unknown
Kill Me Baby: Butsuzou Kegatte Nise Halloween,7,"Comedy, School",Unknown,OVA,1,Unknown,J.C.Staff,4-koma manga
Gin no Otoko,5.17,"Hentai, Romance",Unknown,OVA,1,Unknown,J.C.Staff,Manga
Little Busters!: EX,7.74,"Slice of Life, Comedy, Supernatural, Drama, Romance, School",Little Busters! EX,Special,8,Unknown,J.C.Staff,Visual novel
Witch Craft Works,7.07,"Action, Fantasy, Magic, Seinen, Supernatural",Unknown,TV,12,Winter 2014,J.C.Staff,Manga
Love Stage!!,7.32,"Comedy, Romance, Shounen Ai",Love Stage!!,TV,10,Summer 2014,J.C.Staff,Manga
Hentai Ouji to Warawanai Neko.: Henneko BBS,6.73,Comedy,Unknown,Special,13,Unknown,J.C.Staff,Light novel
Choubakumatsu Shounen Seiki Takamaru,Unknown,"Action, Comedy, Fantasy",Unknown,OVA,2,Unknown,J.C.Staff,Unknown
Shin Choubakumatsu Shounen Seiki Takamaru,Unknown,"Action, Comedy, Fantasy",Unknown,OVA,6,Unknown,J.C.Staff,Unknown
Tsubasa to Hotaru,6.89,"Romance, School, Shoujo",Unknown,Special,1,Unknown,J.C.Staff,Manga
Fuuun Ishin Dai☆Shogun,5.73,"Action, Historical, Mecha",Dai-Shogun:Great Revolution,TV,12,Spring 2014,"J.C.Staff, A.C.G.T.",Original
High Score Girl,7.88,"Game, Comedy, Romance, School, Seinen",Unknown,TV,12,Summer 2018,J.C.Staff,Manga
Witch Craft Works: Takamiya-kun to Imouto no Warudakumi,6.82,"Action, Supernatural, Fantasy, Seinen",Unknown,OVA,1,Unknown,J.C.Staff,Manga
Selector Infected WIXOSS,7.26,"Game, Psychological",selector infected WIXOSS,TV,12,Spring 2014,J.C.Staff,Card game
Toaru Kagaku no Railgun S: Daiji na Koto wa Zenbu Sentou ni Osowatta,6.8,Comedy,A Certain Scientific Railgun S:All the Important Things I Learned in a Bathhouse,OVA,1,Unknown,J.C.Staff,Manga
Itsuka no Main: Kaminari Shounen - Tenta Sanjou!,Unknown,"Action, Drama, Seinen",Unknown,OVA,1,Unknown,J.C.Staff,Manga
Bakuman. 3rd Season Specials,7.01,Comedy,Unknown,Special,2,Unknown,J.C.Staff,Manga
Bakuman. 2nd Season Special,6.71,Comedy,Unknown,Special,1,Unknown,J.C.Staff,Manga
Love Stage!!: Chotto ja Nakutte,7.48,"Comedy, Romance, Shounen Ai",Unknown,OVA,1,Unknown,J.C.Staff,Manga
"Ano Natsu de Matteru: Bokutachi wa Koukou Saigo no Natsu wo Sugoshinagara, Ano Natsu de Matteiru.",7.21,"Comedy, Drama, Romance, Sci-Fi, Slice of Life",Unknown,Special,1,Unknown,J.C.Staff,Original
Witch Craft Works Specials,6.76,"Magic, Comedy",Unknown,Special,6,Unknown,J.C.Staff,Manga
Kumo ni Noru,Unknown,"Action, Seinen",Unknown,OVA,2,Unknown,J.C.Staff,Manga
Toradora! Recap,7.49,"Slice of Life, Comedy, Romance, School",Unknown,OVA,1,Unknown,J.C.Staff,Light novel
"Boku datte, Kirei ni Shitainda",Unknown,Kids,Unknown,OVA,1,Unknown,J.C.Staff,Original
Dennou Sentai Voogie's★Angel Gaiden: Susume! Super★Angels!,Unknown,"Action, Comedy, Mecha, Parody, Sci-Fi",Unknown,OVA,2,Unknown,J.C.Staff,Unknown
Majimoji Rurumo,6.85,"Comedy, Magic, Ecchi, Fantasy, School, Shounen",Magimoji Rurumo,TV,12,Summer 2014,J.C.Staff,Manga
Selector Spread WIXOSS,7.39,"Game, Psychological",selector spread WIXOSS,TV,12,Fall 2014,J.C.Staff,Card game
Gorillaman,Unknown,"Comedy, School, Seinen",Unknown,OVA,2,Unknown,J.C.Staff,Manga
Kougyou Aika Volley Boys,Unknown,"Sports, Comedy, School, Seinen",Unknown,OVA,2,Unknown,J.C.Staff,Unknown
Yomigaeru Sora Pilot,6.2,"Action, Military, Seinen",Unknown,Special,1,Unknown,J.C.Staff,Original
Toaru Majutsu no Index 10th Anniversary PV,6.86,"Action, Comedy, Magic, Sci-Fi, Super Power",Unknown,Special,1,Unknown,J.C.Staff,Light novel
Selector Infected WIXOSS: Midoriko-san to Piruruku-tan,5.89,Comedy,Unknown,Special,3,Unknown,J.C.Staff,Card game
Tantei Kageki Milky Holmes TD,6.45,"Mystery, Comedy, Super Power",Unknown,TV,12,Winter 2015,"J.C.Staff, Nomad",Original
Heavy Object,7.29,"Action, Military, Sci-Fi, Mecha",Heavy Object,TV,24,Fall 2015,"J.C.Staff, SANZIGEN",Light novel
Kaitou Tenshi Twin Angel: Kyun Kyun☆Tokimeki Paradise!! OVA,5.89,Magic,Unknown,OVA,2,Unknown,J.C.Staff,Game
Dungeon ni Deai wo Motomeru no wa Machigatteiru Darou ka,7.64,"Action, Adventure, Comedy, Romance, Fantasy",Is It Wrong to Try to Pick Up Girls in a Dungeon?,TV,13,Spring 2015,J.C.Staff,Light novel
Shokugeki no Souma,8.29,"Ecchi, School, Shounen",Food Wars! Shokugeki no Soma,TV,24,Spring 2015,J.C.Staff,Manga
Shakugan no Shana: Friagne & Marianne no Naze Nani Shana! Nandemo Shitsumonbako! Specials,6.23,"Comedy, Supernatural, Fantasy",Unknown,Special,3,Unknown,J.C.Staff,Unknown
Aki no Kanade,7.01,"Slice of Life, Music, School",Unknown,Movie,1,Unknown,J.C.Staff,Original
Taboo Tattoo,5.79,"Action, Mystery, Comedy, Super Power, Supernatural, Martial Arts, Seinen",Taboo Tattoo,TV,12,Summer 2016,J.C.Staff,Manga
Shimoneta to Iu Gainen ga Sonzai Shinai Taikutsu na Sekai,7.33,"Comedy, Ecchi, School",SHIMONETA:A Boring World Where the Concept of Dirty Jokes Doesn't Exist,TV,12,Summer 2015,J.C.Staff,Light novel
Tsubasa to Hotaru (2015),6.4,"Romance, School, Shoujo",Unknown,Special,4,Unknown,J.C.Staff,Manga
Prison School,7.71,"Comedy, Ecchi, Romance, School, Seinen",Prison School,TV,12,Summer 2015,J.C.Staff,Manga
Selector Destructed WIXOSS Movie,7.22,"Game, Psychological",Unknown,Movie,1,Unknown,J.C.Staff,Card game
Shokugeki no Souma OVA,7.36,"Ecchi, School, Shounen",Unknown,OVA,2,Unknown,J.C.Staff,Manga
Flying Witch,7.53,"Slice of Life, Comedy, Supernatural, Magic, Shounen",Flying Witch,TV,12,Spring 2016,J.C.Staff,Manga
Minami Kamakura Koukou Joshi Jitenshabu,6.25,"Sports, School, Shounen",Minami Kamakura High School Girls Cycling Club,TV,12,Winter 2017,"J.C.Staff, A.C.G.T.",Manga
Tantei Opera Milky Holmes Movie: Gyakushuu no Milky Holmes,7.13,"Mystery, Comedy, Super Power",Unknown,Movie,1,Unknown,J.C.Staff,Original
Amanchu!,7.27,"Slice of Life, Comedy, School, Shounen",Unknown,TV,12,Summer 2016,J.C.Staff,Manga
Kimi no Sumu Machi,6.02,Comedy,Unknown,Special,1,Unknown,J.C.Staff,Original
Shokugeki no Souma: Ni no Sara,8.21,"Ecchi, School, Shounen",Food Wars! The Second Plate,TV,13,Summer 2016,J.C.Staff,Manga
Prison School: Mad Wax,7.46,"Comedy, Romance, Ecchi, School, Seinen",Unknown,OVA,1,Unknown,J.C.Staff,Manga
Tokiwa Kitareri!!,5.7,"Action, Magic, Shounen",Unknown,Special,1,Unknown,J.C.Staff,Manga
Dungeon ni Deai wo Motomeru no wa Machigatteiru Darou ka OVA,7.09,"Action, Adventure, Comedy, Fantasy, Romance",Is It Wrong to Try to Pick Up Girls in a Dungeon?:Is It Wrong to Expect a Hot Spring in a Dungeon?,OVA,1,Unknown,J.C.Staff,Light novel
Dungeon ni Deai wo Motomeru no wa Machigatteiru Darou ka Gaiden: Sword Oratoria,7.05,"Action, Adventure, Fantasy",Sword Oratoria:Is it Wrong to Try to Pick Up Girls in a Dungeon? On the Side,TV,12,Spring 2017,J.C.Staff,Light novel
Urara Meirochou,7.13,"Slice of Life, Comedy, Fantasy, Seinen",Urara Meirocho,TV,12,Winter 2017,J.C.Staff,4-koma manga
Lostorage Incited WIXOSS,6.71,"Game, Psychological",Lostorage incited WIXOSS,TV,12,Fall 2016,J.C.Staff,Card game
Tsubasa to Hotaru (2016),6.39,"Romance, School, Shoujo",Unknown,Special,3,Unknown,J.C.Staff,Manga
Saiki Kusuo no Ψ-nan,8.45,"Comedy, School, Shounen, Slice of Life, Supernatural",The Disastrous Life of Saiki K.,TV,120,Summer 2016,"J.C.Staff, Egg Firm",Manga
Tantei Opera Milky Holmes: Fun Fun Party Night♪ - Ken to Janet no Okurimono,6.72,"Mystery, Comedy, Super Power",Unknown,Special,1,Unknown,J.C.Staff,Card game
UQ Holder!: Mahou Sensei Negima! 2,7,"Action, Sci-Fi, Magic, Fantasy, Shounen",UQ Holder!,TV,12,Fall 2017,J.C.Staff,Manga
Twin Angel Break,5.89,"Drama, Magic",Twin Angels Break,TV,12,Spring 2017,J.C.Staff,Game
Marginal#4: Kiss kara Tsukuru Big Bang,6.7,"Comedy, Music, School",MARGINAL #4 the Animation,TV,12,Winter 2017,J.C.Staff,Music
Amanchu!: Yakusoku no Natsu to Atarashii Omoide no Koto,7.38,"Slice of Life, Comedy, School, Shounen",Unknown,OVA,1,Unknown,J.C.Staff,Manga
One Punch Man 2nd Season,7.41,"Action, Sci-Fi, Comedy, Parody, Super Power, Supernatural",Unknown,TV,12,Spring 2019,J.C.Staff,Web manga
Schoolgirl Strikers: Animation Channel,5.72,"Action, Sci-Fi, School",Unknown,TV,13,Winter 2017,J.C.Staff,Game
Alice to Zouroku,7.12,"Adventure, Mystery, Seinen",Alice & Zoroku,TV,12,Spring 2017,J.C.Staff,Manga
Vatican Kiseki Chousakan,6.39,"Mystery, Supernatural, Drama",Vatican Miracle Examiner,TV,12,Summer 2017,J.C.Staff,Novel
Shokugeki no Souma: Ni no Sara OVA,7.53,"Ecchi, School, Shounen",Unknown,OVA,2,Unknown,J.C.Staff,Manga
UQ Holder!: Mahou Sensei Negima! 2 (OVA),7.21,"Action, Sci-Fi, Magic, Fantasy, Shounen",Unknown,OVA,3,Unknown,J.C.Staff,Manga
Lostorage Conflated WIXOSS,7.1,"Game, Psychological",Unknown,TV,12,Spring 2018,J.C.Staff,Card game
Saiki Kusuo no Ψ-nan 2,8.48,"Slice of Life, Comedy, Supernatural, School, Shounen",The Disastrous Life of Saiki K. 2,TV,24,Winter 2018,"J.C.Staff, Egg Firm",Manga
Kujira no Kora wa Sajou ni Utau,7.2,"Mystery, Super Power, Drama, Fantasy, Shoujo",Children of the Whales,TV,12,Fall 2017,J.C.Staff,Manga
"Minami Kamakura Koukou Joshi Jitenshabu: Kita yo, Taiwan!",6.5,"Sports, School, Shounen",kura High School Girls Cycling Club:We're In Taiwan!!,Special,1,Unknown,"J.C.Staff, A.C.G.T.",Manga
"""Eikou Naki Tensai-tachi"" Kara no Monogatari",Unknown,Sports,Unknown,TV,2,Spring 2017,J.C.Staff,Manga
Shokugeki no Souma: San no Sara,8.14,"Ecchi, School, Shounen",Food Wars! The Third Plate,TV,12,Fall 2017,J.C.Staff,Manga
Kud Wafter,7.1,"Comedy, Romance, School",Unknown,Movie,1,Unknown,J.C.Staff,Visual novel
Satsuriku no Tenshi,6.87,"Adventure, Horror, Psychological, Thriller",Angels of Death,TV,16,Summer 2018,J.C.Staff,Game
Lostorage Conflated WIXOSS: Missing Link,6.58,"Game, Psychological",Unknown,OVA,1,Unknown,J.C.Staff,Card game
Toaru Majutsu no Index III,6.76,"Action, Sci-Fi, Super Power, Magic",A Certain Magical Index III,TV,26,Fall 2018,J.C.Staff,Light novel
Zukkoke Sannin-gumi: Kusunoki Yashiki no Guruguru-sama,Unknown,"Demons, Kids",Unknown,Special,1,Unknown,J.C.Staff,Unknown
Date A Live III,7.13,"Sci-Fi, Harem, Comedy, Romance, Mecha, School",Date A Live III,TV,12,Winter 2019,J.C.Staff,Light novel
Amanchu! Advance,7.13,"Slice of Life, Comedy, School, Shounen",Unknown,TV,12,Spring 2018,J.C.Staff,Manga
Tantei Opera Milky Holmes: Arsene Karei naru Yokubou,6.82,"Mystery, Comedy, Super Power",Unknown,Special,1,Unknown,J.C.Staff,Original
Back Street Girls: Gokudolls,6.93,"Comedy, Ecchi, Seinen",Back Street Girls:Gokudolls,TV,10,Summer 2018,J.C.Staff,Manga
Shokugeki no Souma: San no Sara - Tootsuki Ressha-hen,8.08,"Ecchi, School, Shounen",Food Wars! The Third Plate:Totsuki Train Arc,TV,12,Spring 2018,J.C.Staff,Manga
Shokugeki no Souma: San no Sara - Kyokuseiryou no Erina,7.48,"Drama, Shounen",Unknown,OVA,1,Unknown,J.C.Staff,Manga
Last Period: Owarinaki Rasen no Monogatari,6.45,"Action, Adventure, Comedy, Fantasy, Magic",Last Period:The Journey to the End of the Despair,TV,12,Spring 2018,J.C.Staff,Game
Kujira no Kora wa Sajou ni Manabu!,6.7,"Mystery, Comedy, Drama, Fantasy, School, Shoujo",Unknown,Special,2,Unknown,J.C.Staff,Manga
Dungeon ni Deai wo Motomeru no wa Machigatteiru Darou ka II,7.24,"Action, Adventure, Comedy, Romance, Fantasy",Is It Wrong to Try to Pick Up Girls in a Dungeon? II,TV,12,Summer 2019,J.C.Staff,Light novel
Dungeon ni Deai wo Motomeru no wa Machigatteiru Darou ka Movie: Orion no Ya,7.44,"Action, Adventure, Comedy, Fantasy, Romance",Is It Wrong to Try to Pick Up Girls in a Dungeon?:Arrow of the Orion,Movie,1,Unknown,J.C.Staff,Light novel
Hangyakusei Million Arthur,6.09,"Action, Adventure, Fantasy, Magic",Operation Han-Gyaku-Sei Million Arthur,TV,10,Fall 2018,J.C.Staff,Game
Planet With,7.23,"Action, Mecha, Sci-Fi",Unknown,TV,12,Summer 2018,J.C.Staff,Original
Ongeki,5.51,Slice of Life,Unknown,ONA,1,Unknown,J.C.Staff,Game
Kono Subarashii Sekai ni Shukufuku wo!: Kurenai Densetsu,8.52,"Adventure, Comedy, Fantasy, Magic, Parody, Supernatural",KONOSUBA -God's blessing on this wonderful world!- Legend of Crimson,Movie,1,Unknown,J.C.Staff,Light novel
Heavy Object: Dai 37 Kidou Seihi Daitai - Sakusen Kiroku,6.28,Action,Unknown,Special,1,Unknown,"J.C.Staff, SANZIGEN",Light novel
Saiki Kusuo no Ψ-nan: Kanketsu-hen,8.22,"Comedy, School, Shounen, Slice of Life, Supernatural",The Disastrous Life of Saiki K. Final Arc,Special,1,Unknown,"J.C.Staff, Egg Firm",Manga
Hangyakusei Million Arthur 2nd Season,6.35,"Action, Adventure, Magic, Fantasy",Operation Han-Gyaku-Sei Million Arthur 2nd Season,TV,13,Spring 2019,J.C.Staff,Game
Majimoji Rurumo: Kanketsu-hen,7.42,"Magic, Romance, Ecchi, Fantasy, Shounen",Unknown,OVA,2,Unknown,J.C.Staff,Manga
High Score Girl: Extra Stage,8.05,"Comedy, Game, Romance, School, Seinen",Unknown,OVA,3,Unknown,J.C.Staff,Manga
Toaru Kagaku no Accelerator,7.18,"Super Power, Supernatural, Fantasy, School",A Certain Scientific Accelerator,TV,12,Summer 2019,"J.C.Staff, A.C.G.T.",Manga
Toaru Kagaku no Railgun T,8.25,"Action, Sci-Fi, Super Power",A Certain Scientific Railgun T,TV,25,Winter 2020,J.C.Staff,Manga
Tantei Opera Milky Holmes: Psycho no Aisatsu,6.78,"Mystery, Comedy, Super Power",Unknown,Special,1,Unknown,J.C.Staff,Original
Tsuujou Kougeki ga Zentai Kougeki de Ni-kai Kougeki no Okaasan wa Suki Desu ka?,5.54,"Adventure, Comedy, Fantasy",Do You Love Your Mom and Her Two-Hit Multi-Target Attacks?,TV,12,Summer 2019,J.C.Staff,Light novel
Mahoutsukai ni Narenakatta Onnanoko no Hanashi.,Unknown,"Drama, Fantasy, Magic, School, Slice of Life",Unknown,TV,Unknown,Unknown,J.C.Staff,Novel
Hangyakusei Million Arthur Special,6.38,"Action, Adventure, Fantasy, Magic",Operation Han-Gyaku-Sei Million Arthur Special,Special,1,Unknown,J.C.Staff,Game
Machikado Mazoku,7.68,"Slice of Life, Comedy, Magic",The Demon Girl Next Door,TV,12,Summer 2019,J.C.Staff,4-koma manga
High Score Girl II,8.08,"Comedy, Game, Romance, School, Seinen",Unknown,TV,9,Fall 2019,J.C.Staff,Manga
One Punch Man 2nd Season Specials,7.3,"Action, Sci-Fi, Comedy, Parody, Super Power, Supernatural",Unknown,Special,6,Unknown,J.C.Staff,Web manga
Amanchu!: Upyopyo Dive Tsukkome! Umi no Sekai!,6.31,Comedy,Unknown,Special,6,Unknown,J.C.Staff,Manga
Shokugeki no Souma: Shin no Sara,7.76,"Ecchi, School, Shounen",Food Wars! The Fourth Plate,TV,12,Fall 2019,J.C.Staff,Manga
Dungeon ni Deai wo Motomeru no wa Machigatteiru Darou ka II: Past & Future,6.72,"Action, Adventure, Comedy, Fantasy",Unknown,Special,1,Unknown,J.C.Staff,Light novel
Tsuujou Kougeki ga Zentai Kougeki de Ni-kai Kougeki no Okaasan wa Suki Desu ka? OVA,6.05,"Action, Comedy, Fantasy",Unknown,OVA,1,Unknown,J.C.Staff,Light novel
Toaru Kagaku no Accelerator: Tobidase Ippou-san - Hachamecha Kaishingeki,6.54,"Super Power, Supernatural",Unknown,Special,1,Unknown,J.C.Staff,Manga
Mewkledreamy,6.51,"Adventure, Kids, Fantasy",Unknown,TV,Unknown,Spring 2020,J.C.Staff,Other
Dungeon ni Deai wo Motomeru no wa Machigatteiru Darou ka II OVA,6.32,"Adventure, Comedy, Romance, Ecchi, Fantasy",Unknown,OVA,1,Unknown,J.C.Staff,Light novel
Dungeon ni Deai wo Motomeru no wa Machigatteiru Darou ka III,7.49,"Action, Adventure, Comedy, Romance, Fantasy",Is It Wrong to Try to Pick Up Girls in a Dungeon? III,TV,12,Fall 2020,J.C.Staff,Light novel
Saiki Kusuo no Ψ-nan: Ψ-shidou-hen,8.14,"Slice of Life, Comedy, Supernatural, School, Shounen",The Disastrous Life of Saiki K.:Reawakened,ONA,6,Unknown,"J.C.Staff, Egg Firm",Manga
Skate-Leading☆Stars,6.4,"Comedy, Sports, Drama, School",Skate-Leading Stars,TV,12,Winter 2021,J.C.Staff,Original
Shokugeki no Souma: Gou no Sara,7.35,"Ecchi, School, Shounen",Food Wars! The Fifth Plate,TV,13,Spring 2020,J.C.Staff,Manga
"Sentouin, Hakenshimasu!",Unknown,"Action, Comedy, Fantasy",Combatants Will Be Dispatched!,TV,Unknown,Spring 2021,J.C.Staff,Light novel
WIXOSS Diva(A)Live,5.33,"Game, Psychological",Unknown,TV,Unknown,Winter 2021,J.C.Staff,Card game
Maiko-san Chi no Makanai-san,Unknown,"Slice of Life, Comedy, Shounen",Kiyo in Kyoto:From the Maiko House,TV,12,Winter 2021,J.C.Staff,Manga
Aria the Crepuscolo,Unknown,"Sci-Fi, Slice of Life, Fantasy, Shounen",Unknown,Movie,1,Unknown,J.C.Staff,Manga
Zo Zo Zo Zombie-kun (TV),Unknown,"Comedy, Kids",Zo Zo Zombie,TV,100,Spring 2020,J.C.Staff,Manga
Genjitsu Shugi Yuusha no Oukoku Saikenki,Unknown,"Action, Military, Harem, Magic, Romance, Fantasy",Re:Construction the Elfrieden Kingdom Tales of Realistic Brave,TV,Unknown,Summer 2021,J.C.Staff,Light novel
Edens Zero,Unknown,"Action, Sci-Fi, Adventure, Comedy, Fantasy, Shounen",Edens Zero,TV,Unknown,Spring 2021,J.C.Staff,Manga
Ai no Utagoe wo Kikasete,Unknown,"Music, School",Sing a Bit of Harmony,Movie,1,Unknown,J.C.Staff,Original
Gokushufudou,Unknown,"Slice of Life, Comedy, Romance",The Way of the Househusband,ONA,Unknown,Unknown,J.C.Staff,Manga
Dungeon ni Deai wo Motomeru no wa Machigatteiru Darou ka III OVA,Unknown,"Adventure, Comedy, Romance, Ecchi, Fantasy",Unknown,OVA,1,Unknown,J.C.Staff,Light novel
Shikkakumon no Saikyou Kenja,Unknown,"Action, Adventure, Fantasy",Unknown,TV,Unknown,Unknown,J.C.Staff,Light novel
Shinigami Bocchan to Kuro Maid,Unknown,"Comedy, Drama, Romance",The Duke of Death and His Maid,TV,Unknown,Unknown,J.C.Staff,Manga
Blue Reflection Ray,Unknown,Magic,Unknown,TV,Unknown,Spring 2021,J.C.Staff,Game
